plot,estimations
341,170500.0
420,210000.0
280,140000.0
123,61499.99999999998
600,300000.00000000006
478,239000.00000000006
1200,600000.0000000002
